"","mean","sd","2.5%","25%","50%","75%","97.5%","Rhat","n.eff","overlap0","f"
"mean.sV[1]",0.942222235091136,0.0575962517924764,0.789168406483063,0.906670088102976,0.963177760108144,0.988753048124689,0.999416333696735,1.07778972908021,48,0,1
"mean.sV[2]",0.961665007324255,0.0459167618303255,0.836158974730594,0.945827349273368,0.982073633231582,0.994614963950695,0.999627182485197,1.24788982636029,13,0,1
"mean.sF[1]",0.948266651631187,0.0597995633707915,0.800617882309277,0.922426725423755,0.97289486155528,0.990350241992099,0.999178115927703,1.11888981694001,40,0,1
"mean.sF[2]",0.948769579170162,0.0725224855883422,0.767102455887584,0.923018930868165,0.988990703811418,0.997455569097218,0.999920634651943,1.31901970372475,11,0,1
"mean.sUV[1]",0.780893692421012,0.109580234199645,0.618557378408571,0.699512933193974,0.7569482183231,0.841108759189758,0.996165344726372,1.06625078828193,74,0,1
"mean.sUV[2]",0.8355596609613,0.124835074279875,0.635231081948723,0.723960526447721,0.830490010331648,0.976691513702422,0.999661055472601,1.07600669206992,45,0,1
"mean.sUF[1]",0.900153087838349,0.107223169921343,0.632387151975201,0.829758039604957,0.940320853721283,0.991968119825129,0.999927801988551,1.10926358645583,26,0,1
"mean.sUF[2]",0.897254958662307,0.13406375076069,0.562234089049359,0.833022567793719,0.964864180466266,0.997360077559784,0.999973428745651,1.85332595081775,6,0,1
"mean.fV[1]",0.203053589122879,0.0274067541525798,0.151838671874753,0.183959626869216,0.202111853066926,0.2207702892175,0.259868031066616,1.0013384138828,1562,0,1
"mean.fV[2]",0.203042043813896,0.0274695211105842,0.152490287989967,0.184444025975964,0.201175274320863,0.221067166507919,0.259039284121025,1.00012754112185,2700,0,1
"mean.fF[1]",0.516900755604525,0.0472532434826442,0.423593988579221,0.484976552820586,0.517964663665429,0.54738932293497,0.609717487735417,1.00863491223201,334,0,1
"mean.fF[2]",0.516480520791242,0.0472733123285865,0.42428513915693,0.484877213031049,0.516336195844054,0.546440246775408,0.60839645106186,1.00385498472808,689,0,1
"mean.fUV[1]",0.302012065785846,0.106308797660859,0.123706519637073,0.226451569039817,0.29328583294615,0.36866356448239,0.534850904589085,1.00610471384619,474,0,1
"mean.fUV[2]",0.304331032715887,0.108266845123194,0.11669311211456,0.228081586344734,0.297891636700893,0.372926208338398,0.537996886030932,1.00386019046231,515,0,1
"mean.fUF[1]",0.533125675045023,0.135331393134739,0.263310402297145,0.443694041520022,0.53379918464399,0.625676566609076,0.795453991215421,1.00171363408394,1477,0,1
"mean.fUF[2]",0.541077493251828,0.138662914107258,0.25700997312113,0.448683815799874,0.543843216807671,0.639245418380735,0.802495160488971,1.00190335722532,2050,0,1
"mean.dV[1]",0.361622925939389,0.0493791926213042,0.239545899394468,0.334067834576012,0.368058871763316,0.39573220620533,0.443003234798682,1.04211845641262,98,0,1
"mean.dV[2]",0.375985064352722,0.0431587130802072,0.271080517199106,0.352530591423922,0.382974898506218,0.405593368405776,0.443538812953896,1.14873871794535,20,0,1
"mean.dF[1]",0.298021380199686,0.051945959782394,0.177906428873312,0.268580265924999,0.305636489062092,0.335110111109396,0.383364062013687,1.04985420839388,68,0,1
"mean.dF[2]",0.299219085571859,0.0648575835666313,0.156344526715056,0.260084725228279,0.31423782162835,0.344704661465353,0.398130013286504,1.31577398028252,10,0,1
"mean.dUV[1]",0.838610143835962,0.0861097060445975,0.667131147573127,0.775344826649645,0.845088412074104,0.91415446108779,0.959250283463262,1.10165541238184,36,0,1
"mean.dUV[2]",0.878787857901765,0.0815745852004852,0.672175713456635,0.834335633650131,0.903446833766839,0.944361241107411,0.967981906921011,1.16691741031691,23,0,1
"mean.dUF[1]",0.714844467232434,0.234347943634485,0.176235306644691,0.578075111647612,0.77887324443149,0.906586881312332,0.992086387894924,1.17457211404494,19,0,1
"mean.dUF[2]",0.608062184795755,0.307541295388655,0.0565237035783343,0.332055327777807,0.678548441112265,0.895272521378574,0.990833563114403,1.68735151525875,6,0,1
"beta.sV[1]",3.64366021033511,3.69784736685946,-3.33937364174308,0.786621525663548,3.80979033492727,6.84011138079379,9.6197854659537,1.00665262206336,342,1,0.813333333333333
"beta.sV[2]",3.75837181681555,3.85570944814883,-3.91849638531208,0.842436382720369,3.98140932934465,7.01961745000573,9.64410947831722,1.00520777531376,521,1,0.816666666666667
"beta.sF[1]",3.33501148653519,4.03264639690826,-3.99255917108578,-0.0128041194944342,3.59811803493335,6.7994244765724,9.64982643066416,1.0676891224303,37,1,0.74962962962963
"beta.sF[2]",3.54004637931758,3.99500178992512,-4.77122798791822,0.660818669440524,3.78589755617329,6.84902842761552,9.6693753697894,1.00708036387921,304,1,0.793333333333333
"beta.sUV[1]",-0.890749842031512,0.921413998732015,-2.76507290555811,-1.42811455133968,-0.878233993523835,-0.352057353455813,0.954403478204512,1.07426741054114,55,1,0.875555555555556
"beta.sUV[2]",-0.892402139186264,1.92322137153222,-5.26773790227906,-1.77264076665608,-0.728728353153659,-0.150372361782161,3.69357007489324,1.27074583555347,14,1,0.798518518518519
"beta.sUF[1]",0.718425176063337,3.10190755302857,-4.38598692147374,-1.51082943649858,0.287676953294912,2.62133043785891,8.34664195637087,1.59094661876543,7,1,0.532592592592593
"beta.sUF[2]",1.93893229215529,3.9109183775608,-3.11969766253243,-1.26849905619277,0.552817657025002,5.00465756290388,9.68160972429671,2.07359879141442,5,1,0.550740740740741
"beta.fV[1]",-0.819112968385247,0.410183633906733,-1.63964133273523,-1.09553641088294,-0.804220338645856,-0.53444429458803,-0.0504046144869771,1.00167245765289,1113,0,0.98037037037037
"beta.fV[2]",-0.816446203737123,0.419419495536883,-1.68033046431558,-1.09770543452241,-0.809293692324963,-0.533950032190712,-0.0171564834126053,1.00433124786263,439,0,0.977037037037037
"beta.fF[1]",0.0634839942618869,0.434941694221911,-0.804806712647448,-0.223854498086985,0.0690018047396318,0.353037825274984,0.915035035658678,1.00429331658562,496,1,0.557777777777778
"beta.fF[2]",0.0665038669000286,0.458707075459579,-0.810618203037321,-0.239119788386822,0.0472826430777414,0.362859295867888,0.995931040134671,1.00424134022285,587,1,0.536666666666667
"beta.fUV[1]",-1.75938845177029,1.33057743711953,-4.73884557921036,-2.49323309153032,-1.67451800020997,-0.939214461311393,0.614023980023494,1.0124862279175,433,1,0.925185185185185
"beta.fUV[2]",-1.81670715247563,1.30608073125179,-4.72401380266768,-2.60136720799233,-1.72280195680281,-0.907892289157531,0.460488158656371,1.0072816214098,387,1,0.931111111111111
"beta.fUF[1]",-0.673366901783432,1.29268578503027,-3.19995018111493,-1.4946694621361,-0.675234809277947,0.116387142930753,1.89981097399508,1.00328362360548,700,1,0.717407407407407
"beta.fUF[2]",-0.710233155642736,1.23573429998991,-3.21524450540711,-1.49401942193873,-0.710822638649014,0.10525518353153,1.70703462976719,1.00454615718479,565,1,0.718518518518519
"beta.dV[1]",0.277068257330285,0.304039021045082,-0.277730910889607,0.074140768518602,0.258787346171519,0.461853563670491,0.933952377140476,1.02778298183452,123,1,0.82
"beta.dV[2]",0.211698418385006,0.279444329729446,-0.318450769716415,0.0178083692984331,0.204020555380898,0.38518051652483,0.814237313572941,1.04504656150201,57,1,0.773703703703704
"beta.dF[1]",0.60285959976962,0.404714226959593,-0.143314265838087,0.321275947935551,0.580262164345337,0.864823763204662,1.45958557119694,1.05478848183336,42,1,0.946296296296296
"beta.dF[2]",0.629655212909156,0.451560505808809,-0.152959983450248,0.322016499291731,0.584892959674701,0.892545379258569,1.65430173685315,1.15276883687762,18,1,0.932222222222222
"beta.dUV[1]",-0.44110342526253,1.00036269085309,-2.30212971492524,-1.10316960222722,-0.505372386466445,0.145977111194307,1.76645339813545,1.26062705628191,12,1,0.706296296296296
"beta.dUV[2]",-0.36696439328151,1.16344827124501,-2.43495133028425,-1.21691345250071,-0.427846981651468,0.405757512379695,2.12065162793204,1.21950102328406,15,1,0.64037037037037
"beta.dUF[1]",1.14172104970056,1.22574256548203,-1.78448197945876,0.543720574813087,1.3294075401428,1.93079285740606,3.16527426601935,1.51151883111721,8,1,0.839259259259259
"beta.dUF[2]",1.23390091787484,1.44172289811878,-1.9798667183823,0.243155302509353,1.54101773563995,2.25925393672256,3.50741591373167,1.42164147761317,8,1,0.784444444444444
"sV0[1]",0.942222235091136,0.0575962517924764,0.789168406483063,0.906670088102977,0.963177760108144,0.988753048124689,0.999416333696735,1.07778972908021,48,0,1
"sV0[2]",0.961665007324255,0.0459167618303255,0.836158974730594,0.945827349273368,0.982073633231581,0.994614963950695,0.999627182485197,1.24788982636029,13,0,1
"sV1[1]",0.969697140039461,0.0866037311670679,0.715637966148723,0.984725108274842,0.999217348287263,0.999956483519494,0.999999311873622,1.01546822749192,465,0,1
"sV1[2]",0.973202655049152,0.0905391379734357,0.740969529975904,0.993077431038565,0.999661025361878,0.99998328558402,0.999999564148158,1.14894050990448,96,0,1
"sF0[1]",0.948266651631187,0.0597995633707915,0.800617882309278,0.922426725423755,0.97289486155528,0.990350241992099,0.999178115927703,1.11888981694001,40,0,1
"sF0[2]",0.948769579170162,0.0725224855883422,0.767102455887584,0.923018930868165,0.988990703811418,0.997455569097218,0.999920634651943,1.31901970372475,11,0,1
"sF1[1]",0.942023334357337,0.138071903238827,0.486372199362888,0.969132947530294,0.999184079375734,0.999966313474358,0.999999511036039,1.1441446072986,31,0,1
"sF1[2]",0.970276045421936,0.0984825904949201,0.705038529767367,0.991326445350739,0.999635372713426,0.999985504782338,0.999999900443534,1.08469534495755,121,0,1
"sUV0[1]",0.780893692421012,0.109580234199645,0.618557378408571,0.699512933193974,0.7569482183231,0.841108759189758,0.996165344726372,1.06625078828193,74,0,1
"sUV0[2]",0.8355596609613,0.124835074279875,0.635231081948723,0.723960526447721,0.830490010331648,0.976691513702422,0.999661055472601,1.07600669206992,45,0,1
"sUF0[1]",0.900153087838349,0.107223169921343,0.632387151975201,0.829758039604957,0.940320853721282,0.991968119825129,0.999927801988551,1.10926358645583,26,0,1
"sUF0[2]",0.897254958662307,0.13406375076069,0.562234089049359,0.833022567793719,0.964864180466266,0.997360077559784,0.999973428745651,1.85332595081775,6,0,1
"sUV1[1]",0.606819317712167,0.172462074780693,0.340434942735951,0.486967036914905,0.583717351576085,0.681863439737023,0.996179699257859,1.1488438792962,21,0,1
"sUV1[2]",0.661193017746766,0.208031853835286,0.29074805266182,0.51287125408624,0.633192483586114,0.804688778832514,0.999957538202301,1.17883554128031,18,0,1
"sUF1[1]",0.845660231381824,0.236262095804318,0.261874997272803,0.801076921146992,0.97575065574515,0.998268215723744,0.999996832305631,1.45918023255998,9,0,1
"sUF1[2]",0.794729208300015,0.265977490594507,0.24922069708782,0.550162879702764,0.993392242929938,0.999985930995502,0.99999990757226,1.58466566588753,7,0,1
"fV0[1]",0.203053589122879,0.0274067541525798,0.151838671874753,0.183959626869216,0.202111853066926,0.2207702892175,0.259868031066616,1.0013384138828,1562,0,1
"fV0[2]",0.203042043813896,0.0274695211105842,0.152490287989967,0.184444025975964,0.201175274320863,0.221067166507919,0.259039284121025,1.00012754112185,2700,0,1
"fV1[1]",0.105133730064077,0.034708584507761,0.0498971966075734,0.079992697922312,0.100788890219303,0.125508214165373,0.184119175814123,1.00193365909652,1004,0,1
"fV1[2]",0.105769643792654,0.0360529084004547,0.0481896136655012,0.0799123692611943,0.101201295970593,0.12783950480292,0.188190782704385,1.0060631880069,427,0,1
"fF0[1]",0.516900755604525,0.0472532434826442,0.423593988579221,0.484976552820586,0.517964663665429,0.54738932293497,0.609717487735417,1.00863491223201,334,0,1
"fF0[2]",0.516480520791242,0.0472733123285865,0.42428513915693,0.484877213031049,0.516336195844054,0.546440246775408,0.60839645106186,1.00385498472808,689,0,1
"fF1[1]",0.531605956699568,0.0944168710568335,0.348357026934067,0.467980541183781,0.533067637266015,0.59349300553672,0.718215906649054,1.00114483464619,1482,0,1
"fF1[2]",0.531799478760913,0.0974889374250081,0.341986931748441,0.465212290293845,0.528950176886173,0.600230814978397,0.720740872762054,1.00279997997579,672,0,1
"fUV0[1]",0.302012065785846,0.106308797660859,0.123706519637073,0.226451569039817,0.29328583294615,0.36866356448239,0.534850904589085,1.00610471384619,474,0,1
"fUV0[2]",0.304331032715887,0.108266845123194,0.11669311211456,0.228081586344734,0.297891636700893,0.372926208338398,0.537996886030932,1.00386019046231,515,0,1
"fUV1[1]",0.102243600222405,0.0978842972326689,0.00367881514876533,0.0353343143026029,0.0729066172568031,0.138429874030734,0.361772781560331,0.99987490448535,2700,0,1
"fUV1[2]",0.0987006404338879,0.0934123980653622,0.00403289134011034,0.0315513618040448,0.0695385173780077,0.134637209691286,0.351158108810552,1.00090279520401,2077,0,1
"fUF0[1]",0.533125675045023,0.135331393134739,0.263310402297145,0.443694041520022,0.53379918464399,0.625676566609076,0.795453991215421,1.00171363408394,1477,0,1
"fUF0[2]",0.541077493251828,0.138662914107258,0.25700997312113,0.448683815799874,0.543843216807671,0.639245418380735,0.802495160488971,1.00190335722532,2050,0,1
"fUF1[1]",0.395432462260058,0.216593781218452,0.0520299100467619,0.220754523854184,0.372021420654122,0.546300472799839,0.858559326037202,1.00361804743453,650,0,1
"fUF1[2]",0.394027930562398,0.20907149830246,0.0628764068088919,0.229993209502635,0.371137386052625,0.543344404811312,0.827989352049097,1.00179294722909,1048,0,1
"dV0[1]",0.361622925939389,0.0493791926213042,0.239545899394468,0.334067834576012,0.368058871763316,0.39573220620533,0.443003234798682,1.04211845641262,98,0,1
"dV0[2]",0.375985064352722,0.0431587130802072,0.271080517199106,0.352530591423922,0.382974898506219,0.405593368405776,0.443538812953896,1.14873871794535,20,0,1
"dV1[1]",0.426623411541174,0.0498293422437718,0.328786673003917,0.391993304984351,0.427070180467214,0.460304798564009,0.524836851739289,1.00312021113059,614,0,1
"dV1[2]",0.426396213989173,0.0506059728495119,0.328466606880445,0.391580585811038,0.426786598003649,0.462068908680294,0.52425248366271,1.0018057665613,909,0,1
"dF0[1]",0.298021380199686,0.051945959782394,0.177906428873312,0.268580265924999,0.305636489062092,0.335110111109396,0.383364062013687,1.04985420839388,68,0,1
"dF0[2]",0.299219085571859,0.0648575835666313,0.156344526715056,0.260084725228279,0.31423782162835,0.344704661465353,0.398130013286504,1.31577398028252,10,0,1
"dF1[1]",0.434885679393698,0.0748750897783202,0.286433918041271,0.385285887349059,0.434708884735858,0.485044245231546,0.576426546623849,1.0436769163803,54,0,1
"dF1[2]",0.440305469361558,0.0727184787174484,0.302367688890584,0.39201021708312,0.438795628344216,0.490038472146385,0.58925108048986,1.00225069106261,1939,0,1
"dUV0[1]",0.838610143835962,0.0861097060445975,0.667131147573127,0.775344826649645,0.845088412074104,0.91415446108779,0.959250283463262,1.10165541238184,36,0,1
"dUV0[2]",0.878787857901765,0.0815745852004852,0.672175713456635,0.834335633650131,0.903446833766839,0.944361241107411,0.967981906921011,1.16691741031691,23,0,1
"dUF0[1]",0.796825307705361,0.141378813847001,0.437294945669847,0.729379933546057,0.842367384527165,0.905364935735197,0.948498487561585,1.17619343858706,25,0,1
"dUF0[2]",0.784952754396445,0.178371450518546,0.375758530627049,0.646936694055237,0.880337217324112,0.920026887375941,0.953734445064748,1.34866194382115,10,0,1
"dUV1[1]",0.745325215807827,0.138493772276323,0.462410592933535,0.658651036537452,0.747156514895894,0.82882147616282,0.990771620100495,1.05634000059623,47,0,1
"dUV1[2]",0.799131749155798,0.138326046243508,0.516973899233807,0.705902219174773,0.799987032684908,0.9189037603404,0.993899856511264,1.08917643654297,30,0,1
"dUF1[1]",0.861172385668972,0.194061670705525,0.301613465408152,0.836557795544348,0.955275640466024,0.980482391212141,0.995340235861554,1.60606565500579,7,0,1
"dUF1[2]",0.822235793816397,0.237362170344576,0.230023021820576,0.657548340175902,0.979844458601418,0.989880475530903,0.99645553577914,1.40147550299317,9,0,1
"beta1.sV[1]",5.45670214327788,2.97668819291024,0.0111040249767702,3.00848954729148,5.82346026618275,8.07643666936987,9.78123956054713,1.01811036334741,114,0,0.975555555555556
"beta1.sV[2]",3.57839947089138,2.45005153087228,-0.0111564931054813,1.66146829272295,3.09127218432738,5.44119642860889,8.92647300292304,1.17055235098826,19,1,0.974444444444444
"beta1.sF[1]",4.48018303623966,3.04313251622047,0.0697105322671059,1.64325250979708,4.292953738856,7.16199933187305,9.72091074637673,1.02500468748865,86,0,0.97962962962963
"beta1.sF[2]",4.5786542205934,3.02293412679278,-0.087514023855181,1.95802334305618,4.52140573131319,7.12727044029702,9.66947880510159,1.00455839321046,506,1,0.964444444444444
"beta1.sUV[1]",-9.37187987923502e-05,0.104043146775731,-0.280860841737324,-0.0313908437797206,0.015078087091755,0.0629776597084213,0.156440304630276,1.13499445333775,24,1,0.407407407407407
"beta1.sUV[2]",-0.0652667166921974,0.210138885358404,-0.658052331931691,-0.0639628373948128,-0.00434820682168828,0.0506067125247427,0.167837788139799,1.53743381962761,9,1,0.521111111111111
"beta1.sUF[1]",0.0751758133113799,0.551417525863963,-0.765591698777551,-0.228036596958875,0.0310706884885852,0.179090867828476,1.85276988112778,1.84695322855462,6,1,0.538148148148148
"beta1.sUF[2]",-0.0242103242820658,0.305064949478927,-0.617838832021529,-0.19430249477231,0.012356022971547,0.109222970442953,0.769733765174644,1.12692154588023,274,1,0.474074074074074
"beta1.fV[1]",0.0473730301935595,0.0341312105892659,-0.0186575238383486,0.0238478309145844,0.0482258760228197,0.0696897391599283,0.116596514189415,1.00203609531112,811,1,0.916666666666667
"beta1.fV[2]",0.0463920156842029,0.0349669762566866,-0.021500137238699,0.0232758893973368,0.0461773067037141,0.0699490297863736,0.115598724484695,1.00389849728192,541,1,0.9
"beta1.fF[1]",-0.0177394764230718,0.0370767987888025,-0.0904903075795263,-0.0419771816163534,-0.0178189714926731,0.00701768387818973,0.0547492099625059,1.00016365479334,2700,1,0.689259259259259
"beta1.fF[2]",-0.0180846790339812,0.039145127634512,-0.0975165404545684,-0.0438417408782269,-0.0168419691232168,0.00785704076156156,0.0566123686832252,1.0037207404104,1008,1,0.676666666666667
"beta1.fUV[1]",0.0347140358701881,0.111865597800552,-0.185737144941097,-0.0345403409414102,0.0332276890933341,0.105033010018093,0.261700576296881,1.00129090186242,1259,1,0.621851851851852
"beta1.fUV[2]",0.0331984643397359,0.117959968848407,-0.193378312386473,-0.0418306477482551,0.0327515450696556,0.105003310539164,0.266415878519015,1.01024883198527,996,1,0.622962962962963
"beta1.fUF[1]",-0.0561291403622938,0.107837749678073,-0.293654599524032,-0.121647435174546,-0.0521091391613419,0.0143977812639764,0.147716241739128,1.0035581218408,500,1,0.701481481481481
"beta1.fUF[2]",-0.056371175158651,0.102015441945429,-0.269753770015306,-0.11905967094106,-0.0525506699329671,0.0119432986707868,0.129187999670504,1.00068813994381,2700,1,0.709259259259259
"beta1.dV[1]",-0.0128354265156095,0.0198795381465485,-0.0510683470963144,-0.0265812246898028,-0.0125897338697636,0.00082747208263433,0.0248909098605673,1.00340432635428,563,1,0.735925925925926
"beta1.dV[2]",-0.0127915286599383,0.0204677213643741,-0.0537090425011326,-0.0266405856730586,-0.0123293929373063,0.00105702583027645,0.0280730208067433,1.00122412829148,1334,1,0.735185185185185
"beta1.dF[1]",-0.0408783094369314,0.0307546614386313,-0.10250013173128,-0.0606054496574991,-0.0405107652460933,-0.020568521498654,0.019941340319365,1.03000521051899,77,1,0.91037037037037
"beta1.dF[2]",-0.0424386965105715,0.0297799224899126,-0.103097806035984,-0.0615119975208737,-0.0419542281712147,-0.022880869823164,0.0154197519246761,1.00152245578356,2700,1,0.923333333333333
"beta1.dUV[1]",-0.0313224847788807,0.0835989294325913,-0.234419041810563,-0.0738961054282861,-0.0220859264340991,0.0214284695851961,0.113761819379355,1.07367516134341,40,1,0.637777777777778
"beta1.dUV[2]",-0.073280796935456,0.102737305536888,-0.310366242802137,-0.12145657757367,-0.053269925092826,-0.00256162021050934,0.0815499391387511,1.15897233877864,23,1,0.762962962962963
"beta1.dUF[1]",-0.0899691125616422,0.145616129111481,-0.373143508693448,-0.214511009348664,-0.049695471579315,0.0258777088867786,0.128207571306109,2.02484729069002,5,1,0.648888888888889
"beta1.dUF[2]",-0.101194513218154,0.126924249443681,-0.368467539581486,-0.176931454372073,-0.0840647342626469,-0.0205741941741891,0.129087675754761,1.10134044830426,88,1,0.802222222222222
"mu.sV[1]",3.55623677923267,1.629911364125,1.31992009874597,2.27363799158099,3.26413605626535,4.47634746965006,7.44612357934633,1.01791555184695,221,0,1
"mu.sV[2]",4.14710842842883,1.67283350884972,1.62992217408592,2.85988387599917,4.00339367070666,5.21873211417368,7.89407171330464,1.21058627739111,14,0,1
"mu.sF[1]",3.68586603781033,1.53803166503062,1.39016060973968,2.47578509335139,3.58055465729553,4.63112695837843,7.10308954266429,1.03024338224839,110,0,1
"mu.sF[2]",4.49737164698051,2.32140427182662,1.19202177703364,2.4840902132826,4.49794554121686,5.97130221990659,9.44137096720292,1.34942484263328,9,0,1
"mu.sUV[1]",1.63605167598418,1.37280209643807,0.483429544092709,0.844979581931041,1.13602037769,1.66650114529984,5.55984688032807,1.10787176398364,45,0,1
"mu.sUV[2]",2.56527795688889,2.18716963269258,0.554724794850754,0.964192994973166,1.58910445657274,3.7353674591477,7.98934676047382,1.29049582343703,14,0,1
"mu.sUF[1]",3.46038696944555,2.41511576453342,0.542471576067322,1.58391349963646,2.75723858851356,4.81627234376123,9.53602594513541,1.16396538416389,20,0,0.99962962962963
"mu.sUF[2]",3.92541565158412,2.81765244450526,0.250234263585258,1.60720226834947,3.31277815600819,5.93436234671785,10.5356884239709,1.74684886704356,6,0,0.991851851851852
"mu.fV[1]",-1.375922565659,0.170705815819741,-1.72025228527957,-1.48974752206426,-1.37314714890962,-1.26118315000499,-1.04665459522858,1.0018399491261,1377,0,1
"mu.fV[2]",-1.37603549937604,0.171111592068419,-1.71520139100943,-1.4865240584814,-1.37896501499108,-1.2594582447586,-1.05096788265475,1.00024434808535,2700,0,1
"mu.fF[1]",0.0682046527208109,0.191147963362025,-0.308036874775043,-0.0601118831770023,0.0718896000084312,0.190127970846231,0.446124847753823,1.00887245219912,333,1,0.645555555555556
"mu.fF[2]",0.0665944653991223,0.191331030631716,-0.305206792410696,-0.060509603676725,0.065368050568585,0.186297943346925,0.440576785431653,1.00396553318913,685,1,0.628888888888889
"mu.fUV[1]",-0.891884598449232,0.537041251549068,-1.95780270510005,-1.22845718258529,-0.879478631599627,-0.537954423660099,0.139630465993082,1.00573603195703,481,1,0.956296296296296
"mu.fUV[2]",-0.884921667485899,0.557783597346174,-2.02412566346652,-1.21917547738478,-0.85735801221856,-0.51968367724608,0.152281162504788,1.00470207159313,462,1,0.956666666666667
"mu.fUF[1]",0.145426995932894,0.596328681499923,-1.02883346229001,-0.226183198725148,0.135403235247686,0.513713362709813,1.35817059485916,1.00239441626446,1358,1,0.598148148148148
"mu.fUF[2]",0.178702298578354,0.610299107248715,-1.06157624328343,-0.205990098732052,0.175824427786311,0.572090560925692,1.40196360003164,1.00234982759476,1631,1,0.621111111111111
"mu.dV[1]",-0.575816485996121,0.223804008217955,-1.15517072306554,-0.689843742257364,-0.540553336147735,-0.423279732274601,-0.228982391184795,1.05044447771184,89,0,1
"mu.dV[2]",-0.51149287787303,0.1901948461791,-0.989147941190108,-0.607934144765567,-0.476940258330313,-0.382212550985128,-0.226812118356192,1.15359159306147,20,0,1
"mu.dF[1]",-0.871363866496659,0.265060781005902,-1.53059678631331,-1.00183768615986,-0.820599164224454,-0.685162280163446,-0.475293706708391,1.06064452745191,62,0,1
"mu.dF[2]",-0.874841655999483,0.337766535938457,-1.68568434507338,-1.04552835798701,-0.78038079727938,-0.642398035865946,-0.413262847536653,1.30707996071321,11,0,1
"mu.dUV[1]",1.81007618624094,0.713746896834433,0.695238121477414,1.23874121104479,1.69658675403564,2.36545063392674,3.1587031480105,1.07008547830222,62,0,1
"mu.dUV[2]",2.19247265925461,0.755805151373719,0.718044624937607,1.61667194713434,2.23612356200316,2.83162986270482,3.40891225020235,1.10712208924231,35,0,1
"mu.dUF[1]",1.57349289054062,0.869433242290817,-0.252147708539001,0.991478905466896,1.67594916348816,2.25831012031595,2.91326973246612,1.12091770263762,40,1,0.943703703703704
"mu.dUF[2]",1.59817884278147,1.0741006330935,-0.507590571096229,0.605601166219223,1.99562769514696,2.44271241591961,3.02598754427255,1.30874616677863,11,1,0.901111111111111
"sigma.sV2[1]",2.06505014251136,5.05753084512213,0.000269257786541711,0.0592435016782549,0.375365806218648,1.7421389722471,16.4070613725325,1.09018405126251,727,0,1
"sigma.sV2[2]",2.97042837867558,7.76620459406919,0.00173051446766485,0.13578674667871,0.691756046655901,2.4644220792275,19.5806929224575,1.19742608293688,67,0,1
"sigma.sF2[1]",4.7170261812873,8.21940618030397,0.0097737051101901,0.503423154777492,1.65639732761135,5.27077375179108,28.0396210665154,1.08822749814875,50,0,1
"sigma.sF2[2]",5.51952053948756,10.9292796578489,0.00754030495589579,0.328853018221878,1.30341901161773,4.82105568480935,38.0319934671206,1.03057103236312,245,0,1
"sigma.sUV2[1]",0.745744283368625,1.61877986186734,0.000677810604257879,0.0648514655378629,0.271139877186507,0.7258914317096,4.77654675073541,1.32704407880283,24,0,1
"sigma.sUV2[2]",2.63131288961899,6.01617651782892,0.000399465088275737,0.124274288538827,0.534364210134501,1.70476667615436,21.5343104542456,1.4776305113978,12,0,1
"sigma.sUF2[1]",12.4417384507368,17.2702054088676,0.0480056471715248,1.34807589193601,4.54575620476579,16.9018647193769,62.537642530756,1.4772744904864,9,0,1
"sigma.sUF2[2]",20.3311658939659,25.1932023810725,0.0249902812661967,1.2735447517355,8.91118547501955,30.3147905063978,87.915776891288,1.45176919712766,8,0,1
"sigma.fV2[1]",0.0267265006935125,0.0428457183345952,4.17772131076083e-05,0.0029570567265581,0.0112550469752732,0.0322744723442955,0.140937328060331,1.08086684185154,76,0,1
"sigma.fV2[2]",0.0340080787320076,0.0474767890230252,0.000121559541471785,0.00376585173015117,0.015557557567714,0.0441973984448641,0.167079510098624,1.02573937926822,169,0,1
"sigma.fF2[1]",0.132399022019539,0.159136582561669,4.02736725808635e-05,0.0210833090765177,0.0762223222277623,0.185553634033741,0.569228784073137,1.02760075808907,102,0,1
"sigma.fF2[2]",0.1452677225516,0.163729894457927,0.000144505117471434,0.0270445618399336,0.0921449001705444,0.205814894659562,0.588388560963768,1.05041724271681,50,0,1
"sigma.fUV2[1]",1.5944783538375,1.94051571013906,0.0156674691858432,0.41586144027686,1.02087093112835,2.0652360535358,6.41463967825444,1.0718749355011,113,0,1
"sigma.fUV2[2]",1.78526895051054,2.8772739353501,0.0069797958758375,0.411420292545622,1.03770436154045,2.04378734887621,8.556544756212,1.17048277316538,66,0,1
"sigma.fUF2[1]",1.97741758494246,2.46466327703119,0.00423688686002102,0.369949537838383,1.22384204217753,2.71690440730932,8.71426476607368,1.02624342758367,260,0,1
"sigma.fUF2[2]",1.93490309078257,2.23387803124314,0.0162894468542693,0.51369889041385,1.21331655653519,2.6504635208124,7.50982757121275,1.07273354077771,93,0,1
"sigma.dV2[1]",0.0219804304271273,0.031004160930906,4.06812411207345e-05,0.0022645097153758,0.0105362025883579,0.0289724476727405,0.112352352806299,1.04759712827741,54,0,1
"sigma.dV2[2]",0.0236017376644604,0.0318424587648698,1.1545013694647e-06,0.00152788998701244,0.0113195702569451,0.0344309590780544,0.102944313256277,1.05317585763278,59,0,1
"sigma.dF2[1]",0.0367535231450832,0.0556037343704282,1.21582938694847e-05,0.00353190048945603,0.0146826901419611,0.0451992513828213,0.192430305406227,1.02148254677203,122,0,1
"sigma.dF2[2]",0.0432415900338175,0.0633453204368125,3.20933431682398e-07,0.00278291374162939,0.0165920103240589,0.059333900775316,0.226548907810086,1.03412705369477,72,0,1
"sigma.dUV2[1]",0.448106154197474,0.374402532186286,0.000849176008373522,0.178242465909271,0.367766860105859,0.624801718902017,1.42859234628874,1.03164019471215,74,0,1
"sigma.dUV2[2]",0.627229048273014,0.511014737296566,0.0304260321299434,0.271379545849381,0.494232394014836,0.84399784549926,1.9243109922563,1.08203662119315,45,0,1
"sigma.dUF2[1]",0.678601235808705,0.790482409483833,0.00170174091364189,0.167708323072848,0.438484352946784,0.922946054369522,2.77593596710175,1.27745913060026,14,0,1
"sigma.dUF2[2]",0.816602820845324,0.954535948277245,0.0113740915753726,0.219722914056315,0.538653807955643,1.0572224302261,3.64917432677708,1.09849623510961,56,0,1
"deviance",4860.04604590392,218.932849873001,4551.48845430127,4711.64806173262,4812.26136309279,4958.17392280995,5441.51372083859,1.05519911861592,48,0,1
